Handle,Title,Body (HTML),Vendor,Type,Tags,Published,Option1 Name,Option1 Value,Option2 Name,Option2 Value,Variant Price,Variant Compare At Price,Variant Inventory Policy,Variant Fulfillment Service,Variant Requires Shipping,Variant Taxable,Image Src,Image Position,Image Alt Text,Variant Image,Fabric & care (product.metafields.custom.fabric_care),Status
organic-short-sleeve-bodysuit,Organic Cotton Short-Sleeve Bodysuit,"<p>The everyday essential. Soft organic cotton, an envelope neckline that stretches over little heads, and three nickel-free snaps for quick changes.</p>",BabyAttire,Bodysuit,"new, badge:Organic cotton",TRUE,Size,Newborn,Color,Oat,18.00,,deny,manual,TRUE,TRUE,https://raw.githubusercontent.com/SheltonChen2017/BabyAttire/main/setup/images/organic-short-sleeve-bodysuit-oat.jpg,1,Organic Cotton Short-Sleeve Bodysuit,https://raw.githubusercontent.com/SheltonChen2017/BabyAttire/main/setup/images/organic-short-sleeve-bodysuit-oat.jpg,"100% organic cotton rib.
Machine wash cold with like colors. Tumble dry low. Do not bleach.",active
organic-short-sleeve-bodysuit,,,,,,,,0-3M,,Oat,18.00,,deny,manual,TRUE,TRUE,https://raw.githubusercontent.com/SheltonChen2017/BabyAttire/main/setup/images/organic-short-sleeve-bodysuit-blush.jpg,2,Organic Cotton Short-Sleeve Bodysuit,https://raw.githubusercontent.com/SheltonChen2017/BabyAttire/main/setup/images/organic-short-sleeve-bodysuit-oat.jpg,,
organic-short-sleeve-bodysuit,,,,,,,,3-6M,,Oat,18.00,,deny,manual,TRUE,TRUE,https://raw.githubusercontent.com/SheltonChen2017/BabyAttire/main/setup/images/organic-short-sleeve-bodysuit-sage.jpg,3,Organic Cotton Short-Sleeve Bodysuit,https://raw.githubusercontent.com/SheltonChen2017/BabyAttire/main/setup/images/organic-short-sleeve-bodysuit-oat.jpg,,
organic-short-sleeve-bodysuit,,,,,,,,6-12M,,Oat,18.00,,deny,manual,TRUE,TRUE,,,,https://raw.githubusercontent.com/SheltonChen2017/BabyAttire/main/setup/images/organic-short-sleeve-bodysuit-oat.jpg,,
organic-short-sleeve-bodysuit,,,,,,,,12-18M,,Oat,18.00,,deny,manual,TRUE,TRUE,,,,https://raw.githubusercontent.com/SheltonChen2017/BabyAttire/main/setup/images/organic-short-sleeve-bodysuit-oat.jpg,,
organic-short-sleeve-bodysuit,,,,,,,,Newborn,,Blush,18.00,,deny,manual,TRUE,TRUE,,,,https://raw.githubusercontent.com/SheltonChen2017/BabyAttire/main/setup/images/organic-short-sleeve-bodysuit-blush.jpg,,
organic-short-sleeve-bodysuit,,,,,,,,0-3M,,Blush,18.00,,deny,manual,TRUE,TRUE,,,,https://raw.githubusercontent.com/SheltonChen2017/BabyAttire/main/setup/images/organic-short-sleeve-bodysuit-blush.jpg,,
organic-short-sleeve-bodysuit,,,,,,,,3-6M,,Blush,18.00,,deny,manual,TRUE,TRUE,,,,https://raw.githubusercontent.com/SheltonChen2017/BabyAttire/main/setup/images/organic-short-sleeve-bodysuit-blush.jpg,,
organic-short-sleeve-bodysuit,,,,,,,,6-12M,,Blush,18.00,,deny,manual,TRUE,TRUE,,,,https://raw.githubusercontent.com/SheltonChen2017/BabyAttire/main/setup/images/organic-short-sleeve-bodysuit-blush.jpg,,
organic-short-sleeve-bodysuit,,,,,,,,12-18M,,Blush,18.00,,deny,manual,TRUE,TRUE,,,,https://raw.githubusercontent.com/SheltonChen2017/BabyAttire/main/setup/images/organic-short-sleeve-bodysuit-blush.jpg,,
organic-short-sleeve-bodysuit,,,,,,,,Newborn,,Sage,18.00,,deny,manual,TRUE,TRUE,,,,https://raw.githubusercontent.com/SheltonChen2017/BabyAttire/main/setup/images/organic-short-sleeve-bodysuit-sage.jpg,,
organic-short-sleeve-bodysuit,,,,,,,,0-3M,,Sage,18.00,,deny,manual,TRUE,TRUE,,,,https://raw.githubusercontent.com/SheltonChen2017/BabyAttire/main/setup/images/organic-short-sleeve-bodysuit-sage.jpg,,
organic-short-sleeve-bodysuit,,,,,,,,3-6M,,Sage,18.00,,deny,manual,TRUE,TRUE,,,,https://raw.githubusercontent.com/SheltonChen2017/BabyAttire/main/setup/images/organic-short-sleeve-bodysuit-sage.jpg,,
organic-short-sleeve-bodysuit,,,,,,,,6-12M,,Sage,18.00,,deny,manual,TRUE,TRUE,,,,https://raw.githubusercontent.com/SheltonChen2017/BabyAttire/main/setup/images/organic-short-sleeve-bodysuit-sage.jpg,,
organic-short-sleeve-bodysuit,,,,,,,,12-18M,,Sage,18.00,,deny,manual,TRUE,TRUE,,,,https://raw.githubusercontent.com/SheltonChen2017/BabyAttire/main/setup/images/organic-short-sleeve-bodysuit-sage.jpg,,
long-sleeve-envelope-bodysuit,Long-Sleeve Envelope-Neck Bodysuit,"<p>Long sleeves for cooler days, with fold-over mitten cuffs on newborn to 3-6M sizes to keep tiny nails from scratching.</p>",BabyAttire,Bodysuit,badge:Organic cotton,TRUE,Size,Newborn,Color,Oat,20.00,,deny,manual,TRUE,TRUE,https://raw.githubusercontent.com/SheltonChen2017/BabyAttire/main/setup/images/long-sleeve-envelope-bodysuit-oat.jpg,1,Long-Sleeve Envelope-Neck Bodysuit,https://raw.githubusercontent.com/SheltonChen2017/BabyAttire/main/setup/images/long-sleeve-envelope-bodysuit-oat.jpg,"100% organic cotton jersey.
Machine wash cold. Tumble dry low.",active
long-sleeve-envelope-bodysuit,,,,,,,,0-3M,,Oat,20.00,,deny,manual,TRUE,TRUE,https://raw.githubusercontent.com/SheltonChen2017/BabyAttire/main/setup/images/long-sleeve-envelope-bodysuit-dusty-blue.jpg,2,Long-Sleeve Envelope-Neck Bodysuit,https://raw.githubusercontent.com/SheltonChen2017/BabyAttire/main/setup/images/long-sleeve-envelope-bodysuit-oat.jpg,,
long-sleeve-envelope-bodysuit,,,,,,,,3-6M,,Oat,20.00,,deny,manual,TRUE,TRUE,,,,https://raw.githubusercontent.com/SheltonChen2017/BabyAttire/main/setup/images/long-sleeve-envelope-bodysuit-oat.jpg,,
long-sleeve-envelope-bodysuit,,,,,,,,6-12M,,Oat,20.00,,deny,manual,TRUE,TRUE,,,,https://raw.githubusercontent.com/SheltonChen2017/BabyAttire/main/setup/images/long-sleeve-envelope-bodysuit-oat.jpg,,
long-sleeve-envelope-bodysuit,,,,,,,,12-18M,,Oat,20.00,,deny,manual,TRUE,TRUE,,,,https://raw.githubusercontent.com/SheltonChen2017/BabyAttire/main/setup/images/long-sleeve-envelope-bodysuit-oat.jpg,,
long-sleeve-envelope-bodysuit,,,,,,,,18-24M,,Oat,20.00,,deny,manual,TRUE,TRUE,,,,https://raw.githubusercontent.com/SheltonChen2017/BabyAttire/main/setup/images/long-sleeve-envelope-bodysuit-oat.jpg,,
long-sleeve-envelope-bodysuit,,,,,,,,Newborn,,Dusty Blue,20.00,,deny,manual,TRUE,TRUE,,,,https://raw.githubusercontent.com/SheltonChen2017/BabyAttire/main/setup/images/long-sleeve-envelope-bodysuit-dusty-blue.jpg,,
long-sleeve-envelope-bodysuit,,,,,,,,0-3M,,Dusty Blue,20.00,,deny,manual,TRUE,TRUE,,,,https://raw.githubusercontent.com/SheltonChen2017/BabyAttire/main/setup/images/long-sleeve-envelope-bodysuit-dusty-blue.jpg,,
long-sleeve-envelope-bodysuit,,,,,,,,3-6M,,Dusty Blue,20.00,,deny,manual,TRUE,TRUE,,,,https://raw.githubusercontent.com/SheltonChen2017/BabyAttire/main/setup/images/long-sleeve-envelope-bodysuit-dusty-blue.jpg,,
long-sleeve-envelope-bodysuit,,,,,,,,6-12M,,Dusty Blue,20.00,,deny,manual,TRUE,TRUE,,,,https://raw.githubusercontent.com/SheltonChen2017/BabyAttire/main/setup/images/long-sleeve-envelope-bodysuit-dusty-blue.jpg,,
long-sleeve-envelope-bodysuit,,,,,,,,12-18M,,Dusty Blue,20.00,,deny,manual,TRUE,TRUE,,,,https://raw.githubusercontent.com/SheltonChen2017/BabyAttire/main/setup/images/long-sleeve-envelope-bodysuit-dusty-blue.jpg,,
long-sleeve-envelope-bodysuit,,,,,,,,18-24M,,Dusty Blue,20.00,,deny,manual,TRUE,TRUE,,,,https://raw.githubusercontent.com/SheltonChen2017/BabyAttire/main/setup/images/long-sleeve-envelope-bodysuit-dusty-blue.jpg,,
everyday-bodysuit-3-pack,Everyday Bodysuit 3-Pack,"<p>Three short-sleeve bodysuits in cream, oat and sage. The easiest way to stock the drawer.</p>",BabyAttire,Bodysuit,badge:Best value,TRUE,Size,Newborn,,,45.00,54.00,deny,manual,TRUE,TRUE,https://raw.githubusercontent.com/SheltonChen2017/BabyAttire/main/setup/images/everyday-bodysuit-3-pack-cloud.jpg,1,Everyday Bodysuit 3-Pack,,"100% organic cotton rib.
Machine wash cold with like colors. Tumble dry low.",active
everyday-bodysuit-3-pack,,,,,,,,0-3M,,,45.00,54.00,deny,manual,TRUE,TRUE,,,,,,
everyday-bodysuit-3-pack,,,,,,,,3-6M,,,45.00,54.00,deny,manual,TRUE,TRUE,,,,,,
everyday-bodysuit-3-pack,,,,,,,,6-12M,,,45.00,54.00,deny,manual,TRUE,TRUE,,,,,,
zip-footed-sleeper,Zip-Up Footed Sleeper,<p>A two-way zipper means middle-of-the-night diaper changes without fully undressing. Covered feet keep toes warm.</p>,BabyAttire,Sleepwear,"new, badge:Two-way zip",TRUE,Size,Newborn,Color,Sage,32.00,,deny,manual,TRUE,TRUE,https://raw.githubusercontent.com/SheltonChen2017/BabyAttire/main/setup/images/zip-footed-sleeper-sage.jpg,1,Zip-Up Footed Sleeper,https://raw.githubusercontent.com/SheltonChen2017/BabyAttire/main/setup/images/zip-footed-sleeper-sage.jpg,"95% organic cotton, 5% spandex.
Machine wash cold. Tumble dry low. Wear snug-fitting for safe sleep.",active
zip-footed-sleeper,,,,,,,,0-3M,,Sage,32.00,,deny,manual,TRUE,TRUE,https://raw.githubusercontent.com/SheltonChen2017/BabyAttire/main/setup/images/zip-footed-sleeper-dusty-blue.jpg,2,Zip-Up Footed Sleeper,https://raw.githubusercontent.com/SheltonChen2017/BabyAttire/main/setup/images/zip-footed-sleeper-sage.jpg,,
zip-footed-sleeper,,,,,,,,3-6M,,Sage,32.00,,deny,manual,TRUE,TRUE,https://raw.githubusercontent.com/SheltonChen2017/BabyAttire/main/setup/images/zip-footed-sleeper-oat.jpg,3,Zip-Up Footed Sleeper,https://raw.githubusercontent.com/SheltonChen2017/BabyAttire/main/setup/images/zip-footed-sleeper-sage.jpg,,
zip-footed-sleeper,,,,,,,,6-12M,,Sage,32.00,,deny,manual,TRUE,TRUE,,,,https://raw.githubusercontent.com/SheltonChen2017/BabyAttire/main/setup/images/zip-footed-sleeper-sage.jpg,,
zip-footed-sleeper,,,,,,,,12-18M,,Sage,32.00,,deny,manual,TRUE,TRUE,,,,https://raw.githubusercontent.com/SheltonChen2017/BabyAttire/main/setup/images/zip-footed-sleeper-sage.jpg,,
zip-footed-sleeper,,,,,,,,Newborn,,Dusty Blue,32.00,,deny,manual,TRUE,TRUE,,,,https://raw.githubusercontent.com/SheltonChen2017/BabyAttire/main/setup/images/zip-footed-sleeper-dusty-blue.jpg,,
zip-footed-sleeper,,,,,,,,0-3M,,Dusty Blue,32.00,,deny,manual,TRUE,TRUE,,,,https://raw.githubusercontent.com/SheltonChen2017/BabyAttire/main/setup/images/zip-footed-sleeper-dusty-blue.jpg,,
zip-footed-sleeper,,,,,,,,3-6M,,Dusty Blue,32.00,,deny,manual,TRUE,TRUE,,,,https://raw.githubusercontent.com/SheltonChen2017/BabyAttire/main/setup/images/zip-footed-sleeper-dusty-blue.jpg,,
zip-footed-sleeper,,,,,,,,6-12M,,Dusty Blue,32.00,,deny,manual,TRUE,TRUE,,,,https://raw.githubusercontent.com/SheltonChen2017/BabyAttire/main/setup/images/zip-footed-sleeper-dusty-blue.jpg,,
zip-footed-sleeper,,,,,,,,12-18M,,Dusty Blue,32.00,,deny,manual,TRUE,TRUE,,,,https://raw.githubusercontent.com/SheltonChen2017/BabyAttire/main/setup/images/zip-footed-sleeper-dusty-blue.jpg,,
zip-footed-sleeper,,,,,,,,Newborn,,Oat,32.00,,deny,manual,TRUE,TRUE,,,,https://raw.githubusercontent.com/SheltonChen2017/BabyAttire/main/setup/images/zip-footed-sleeper-oat.jpg,,
zip-footed-sleeper,,,,,,,,0-3M,,Oat,32.00,,deny,manual,TRUE,TRUE,,,,https://raw.githubusercontent.com/SheltonChen2017/BabyAttire/main/setup/images/zip-footed-sleeper-oat.jpg,,
zip-footed-sleeper,,,,,,,,3-6M,,Oat,32.00,,deny,manual,TRUE,TRUE,,,,https://raw.githubusercontent.com/SheltonChen2017/BabyAttire/main/setup/images/zip-footed-sleeper-oat.jpg,,
zip-footed-sleeper,,,,,,,,6-12M,,Oat,32.00,,deny,manual,TRUE,TRUE,,,,https://raw.githubusercontent.com/SheltonChen2017/BabyAttire/main/setup/images/zip-footed-sleeper-oat.jpg,,
zip-footed-sleeper,,,,,,,,12-18M,,Oat,32.00,,deny,manual,TRUE,TRUE,,,,https://raw.githubusercontent.com/SheltonChen2017/BabyAttire/main/setup/images/zip-footed-sleeper-oat.jpg,,
striped-zip-sleeper,Striped Zip Sleeper,"<p>Classic thin stripes, fold-over foot cuffs and a zipper guard at the chin.</p>",BabyAttire,Sleepwear,,TRUE,Size,0-3M,,,34.00,,deny,manual,TRUE,TRUE,https://raw.githubusercontent.com/SheltonChen2017/BabyAttire/main/setup/images/striped-zip-sleeper-stripe.jpg,1,Striped Zip Sleeper,,"100% organic cotton.
Machine wash cold. Tumble dry low. Wear snug-fitting for safe sleep.",active
striped-zip-sleeper,,,,,,,,3-6M,,,34.00,,deny,manual,TRUE,TRUE,,,,,,
striped-zip-sleeper,,,,,,,,6-12M,,,34.00,,deny,manual,TRUE,TRUE,,,,,,
striped-zip-sleeper,,,,,,,,12-18M,,,34.00,,deny,manual,TRUE,TRUE,,,,,,
striped-zip-sleeper,,,,,,,,18-24M,,,34.00,,deny,manual,TRUE,TRUE,,,,,,
knotted-baby-gown,Knotted Baby Gown,"<p>The newborn-days favorite. An open bottom with a knot tie makes diaper checks easy, and mitten cuffs fold over tiny hands.</p>",BabyAttire,Sleepwear,new,TRUE,Size,Newborn,Color,Cloud,26.00,,deny,manual,TRUE,TRUE,https://raw.githubusercontent.com/SheltonChen2017/BabyAttire/main/setup/images/knotted-baby-gown-cloud.jpg,1,Knotted Baby Gown,https://raw.githubusercontent.com/SheltonChen2017/BabyAttire/main/setup/images/knotted-baby-gown-cloud.jpg,"100% organic cotton jersey.
Machine wash cold. Tumble dry low.",active
knotted-baby-gown,,,,,,,,0-3M,,Cloud,26.00,,deny,manual,TRUE,TRUE,https://raw.githubusercontent.com/SheltonChen2017/BabyAttire/main/setup/images/knotted-baby-gown-blush.jpg,2,Knotted Baby Gown,https://raw.githubusercontent.com/SheltonChen2017/BabyAttire/main/setup/images/knotted-baby-gown-cloud.jpg,,
knotted-baby-gown,,,,,,,,Newborn,,Blush,26.00,,deny,manual,TRUE,TRUE,,,,https://raw.githubusercontent.com/SheltonChen2017/BabyAttire/main/setup/images/knotted-baby-gown-blush.jpg,,
knotted-baby-gown,,,,,,,,0-3M,,Blush,26.00,,deny,manual,TRUE,TRUE,,,,https://raw.githubusercontent.com/SheltonChen2017/BabyAttire/main/setup/images/knotted-baby-gown-blush.jpg,,
muslin-sleep-sack,Muslin Sleep Sack,"<p>A wearable blanket in airy cotton muslin, so there's nothing loose in the crib. Zips from the bottom up.</p>",BabyAttire,Sleepwear,badge:Breathable,TRUE,Size,0-3M,Color,Oat,38.00,,deny,manual,TRUE,TRUE,https://raw.githubusercontent.com/SheltonChen2017/BabyAttire/main/setup/images/muslin-sleep-sack-oat.jpg,1,Muslin Sleep Sack,https://raw.githubusercontent.com/SheltonChen2017/BabyAttire/main/setup/images/muslin-sleep-sack-oat.jpg,"100% cotton muslin, 2 layers.
Machine wash cold. Tumble dry low. Gets softer with every wash.",active
muslin-sleep-sack,,,,,,,,3-6M,,Oat,38.00,,deny,manual,TRUE,TRUE,https://raw.githubusercontent.com/SheltonChen2017/BabyAttire/main/setup/images/muslin-sleep-sack-sage.jpg,2,Muslin Sleep Sack,https://raw.githubusercontent.com/SheltonChen2017/BabyAttire/main/setup/images/muslin-sleep-sack-oat.jpg,,
muslin-sleep-sack,,,,,,,,6-12M,,Oat,38.00,,deny,manual,TRUE,TRUE,,,,https://raw.githubusercontent.com/SheltonChen2017/BabyAttire/main/setup/images/muslin-sleep-sack-oat.jpg,,
muslin-sleep-sack,,,,,,,,0-3M,,Sage,38.00,,deny,manual,TRUE,TRUE,,,,https://raw.githubusercontent.com/SheltonChen2017/BabyAttire/main/setup/images/muslin-sleep-sack-sage.jpg,,
muslin-sleep-sack,,,,,,,,3-6M,,Sage,38.00,,deny,manual,TRUE,TRUE,,,,https://raw.githubusercontent.com/SheltonChen2017/BabyAttire/main/setup/images/muslin-sleep-sack-sage.jpg,,
muslin-sleep-sack,,,,,,,,6-12M,,Sage,38.00,,deny,manual,TRUE,TRUE,,,,https://raw.githubusercontent.com/SheltonChen2017/BabyAttire/main/setup/images/muslin-sleep-sack-sage.jpg,,
ribbed-top-and-pants-set,Ribbed Top & Pants Set,<p>A long-sleeve top and pull-on pants in stretchy rib. Wide waistband sits comfortably over a diaper.</p>,BabyAttire,Outfit set,new,TRUE,Size,3-6M,Color,Blush,36.00,,deny,manual,TRUE,TRUE,https://raw.githubusercontent.com/SheltonChen2017/BabyAttire/main/setup/images/ribbed-top-and-pants-set-blush.jpg,1,Ribbed Top & Pants Set,https://raw.githubusercontent.com/SheltonChen2017/BabyAttire/main/setup/images/ribbed-top-and-pants-set-blush.jpg,"95% organic cotton, 5% spandex rib.
Machine wash cold. Tumble dry low.",active
ribbed-top-and-pants-set,,,,,,,,6-12M,,Blush,36.00,,deny,manual,TRUE,TRUE,https://raw.githubusercontent.com/SheltonChen2017/BabyAttire/main/setup/images/ribbed-top-and-pants-set-sage.jpg,2,Ribbed Top & Pants Set,https://raw.githubusercontent.com/SheltonChen2017/BabyAttire/main/setup/images/ribbed-top-and-pants-set-blush.jpg,,
ribbed-top-and-pants-set,,,,,,,,12-18M,,Blush,36.00,,deny,manual,TRUE,TRUE,https://raw.githubusercontent.com/SheltonChen2017/BabyAttire/main/setup/images/ribbed-top-and-pants-set-oat.jpg,3,Ribbed Top & Pants Set,https://raw.githubusercontent.com/SheltonChen2017/BabyAttire/main/setup/images/ribbed-top-and-pants-set-blush.jpg,,
ribbed-top-and-pants-set,,,,,,,,18-24M,,Blush,36.00,,deny,manual,TRUE,TRUE,,,,https://raw.githubusercontent.com/SheltonChen2017/BabyAttire/main/setup/images/ribbed-top-and-pants-set-blush.jpg,,
ribbed-top-and-pants-set,,,,,,,,3-6M,,Sage,36.00,,deny,manual,TRUE,TRUE,,,,https://raw.githubusercontent.com/SheltonChen2017/BabyAttire/main/setup/images/ribbed-top-and-pants-set-sage.jpg,,
ribbed-top-and-pants-set,,,,,,,,6-12M,,Sage,36.00,,deny,manual,TRUE,TRUE,,,,https://raw.githubusercontent.com/SheltonChen2017/BabyAttire/main/setup/images/ribbed-top-and-pants-set-sage.jpg,,
ribbed-top-and-pants-set,,,,,,,,12-18M,,Sage,36.00,,deny,manual,TRUE,TRUE,,,,https://raw.githubusercontent.com/SheltonChen2017/BabyAttire/main/setup/images/ribbed-top-and-pants-set-sage.jpg,,
ribbed-top-and-pants-set,,,,,,,,18-24M,,Sage,36.00,,deny,manual,TRUE,TRUE,,,,https://raw.githubusercontent.com/SheltonChen2017/BabyAttire/main/setup/images/ribbed-top-and-pants-set-sage.jpg,,
ribbed-top-and-pants-set,,,,,,,,3-6M,,Oat,36.00,,deny,manual,TRUE,TRUE,,,,https://raw.githubusercontent.com/SheltonChen2017/BabyAttire/main/setup/images/ribbed-top-and-pants-set-oat.jpg,,
ribbed-top-and-pants-set,,,,,,,,6-12M,,Oat,36.00,,deny,manual,TRUE,TRUE,,,,https://raw.githubusercontent.com/SheltonChen2017/BabyAttire/main/setup/images/ribbed-top-and-pants-set-oat.jpg,,
ribbed-top-and-pants-set,,,,,,,,12-18M,,Oat,36.00,,deny,manual,TRUE,TRUE,,,,https://raw.githubusercontent.com/SheltonChen2017/BabyAttire/main/setup/images/ribbed-top-and-pants-set-oat.jpg,,
ribbed-top-and-pants-set,,,,,,,,18-24M,,Oat,36.00,,deny,manual,TRUE,TRUE,,,,https://raw.githubusercontent.com/SheltonChen2017/BabyAttire/main/setup/images/ribbed-top-and-pants-set-oat.jpg,,
linen-blend-romper,Linen-Blend Romper,"<p>A breezy one-piece for warm days, with shoulder buttons and snaps at the legs.</p>",BabyAttire,Outfit set,badge:Summer,TRUE,Size,3-6M,Color,Butter,34.00,,deny,manual,TRUE,TRUE,https://raw.githubusercontent.com/SheltonChen2017/BabyAttire/main/setup/images/linen-blend-romper-butter.jpg,1,Linen-Blend Romper,https://raw.githubusercontent.com/SheltonChen2017/BabyAttire/main/setup/images/linen-blend-romper-butter.jpg,"55% linen, 45% cotton.
Machine wash cold, gentle cycle. Line dry.",active
linen-blend-romper,,,,,,,,6-12M,,Butter,34.00,,deny,manual,TRUE,TRUE,https://raw.githubusercontent.com/SheltonChen2017/BabyAttire/main/setup/images/linen-blend-romper-oat.jpg,2,Linen-Blend Romper,https://raw.githubusercontent.com/SheltonChen2017/BabyAttire/main/setup/images/linen-blend-romper-butter.jpg,,
linen-blend-romper,,,,,,,,12-18M,,Butter,34.00,,deny,manual,TRUE,TRUE,,,,https://raw.githubusercontent.com/SheltonChen2017/BabyAttire/main/setup/images/linen-blend-romper-butter.jpg,,
linen-blend-romper,,,,,,,,18-24M,,Butter,34.00,,deny,manual,TRUE,TRUE,,,,https://raw.githubusercontent.com/SheltonChen2017/BabyAttire/main/setup/images/linen-blend-romper-butter.jpg,,
linen-blend-romper,,,,,,,,3-6M,,Oat,34.00,,deny,manual,TRUE,TRUE,,,,https://raw.githubusercontent.com/SheltonChen2017/BabyAttire/main/setup/images/linen-blend-romper-oat.jpg,,
linen-blend-romper,,,,,,,,6-12M,,Oat,34.00,,deny,manual,TRUE,TRUE,,,,https://raw.githubusercontent.com/SheltonChen2017/BabyAttire/main/setup/images/linen-blend-romper-oat.jpg,,
linen-blend-romper,,,,,,,,12-18M,,Oat,34.00,,deny,manual,TRUE,TRUE,,,,https://raw.githubusercontent.com/SheltonChen2017/BabyAttire/main/setup/images/linen-blend-romper-oat.jpg,,
linen-blend-romper,,,,,,,,18-24M,,Oat,34.00,,deny,manual,TRUE,TRUE,,,,https://raw.githubusercontent.com/SheltonChen2017/BabyAttire/main/setup/images/linen-blend-romper-oat.jpg,,
chunky-knit-cardigan,Chunky Knit Cardigan,<p>A cozy layer with wooden-look buttons. Easy to put on over a bodysuit.</p>,BabyAttire,Outfit set,,TRUE,Size,0-3M,Color,Oat,38.00,,deny,manual,TRUE,TRUE,https://raw.githubusercontent.com/SheltonChen2017/BabyAttire/main/setup/images/chunky-knit-cardigan-oat.jpg,1,Chunky Knit Cardigan,https://raw.githubusercontent.com/SheltonChen2017/BabyAttire/main/setup/images/chunky-knit-cardigan-oat.jpg,"100% cotton knit.
Hand wash cold or machine wash on a wool cycle. Lay flat to dry.",active
chunky-knit-cardigan,,,,,,,,3-6M,,Oat,38.00,,deny,manual,TRUE,TRUE,https://raw.githubusercontent.com/SheltonChen2017/BabyAttire/main/setup/images/chunky-knit-cardigan-dusty-blue.jpg,2,Chunky Knit Cardigan,https://raw.githubusercontent.com/SheltonChen2017/BabyAttire/main/setup/images/chunky-knit-cardigan-oat.jpg,,
chunky-knit-cardigan,,,,,,,,6-12M,,Oat,38.00,,deny,manual,TRUE,TRUE,,,,https://raw.githubusercontent.com/SheltonChen2017/BabyAttire/main/setup/images/chunky-knit-cardigan-oat.jpg,,
chunky-knit-cardigan,,,,,,,,12-18M,,Oat,38.00,,deny,manual,TRUE,TRUE,,,,https://raw.githubusercontent.com/SheltonChen2017/BabyAttire/main/setup/images/chunky-knit-cardigan-oat.jpg,,
chunky-knit-cardigan,,,,,,,,18-24M,,Oat,38.00,,deny,manual,TRUE,TRUE,,,,https://raw.githubusercontent.com/SheltonChen2017/BabyAttire/main/setup/images/chunky-knit-cardigan-oat.jpg,,
chunky-knit-cardigan,,,,,,,,0-3M,,Dusty Blue,38.00,,deny,manual,TRUE,TRUE,,,,https://raw.githubusercontent.com/SheltonChen2017/BabyAttire/main/setup/images/chunky-knit-cardigan-dusty-blue.jpg,,
chunky-knit-cardigan,,,,,,,,3-6M,,Dusty Blue,38.00,,deny,manual,TRUE,TRUE,,,,https://raw.githubusercontent.com/SheltonChen2017/BabyAttire/main/setup/images/chunky-knit-cardigan-dusty-blue.jpg,,
chunky-knit-cardigan,,,,,,,,6-12M,,Dusty Blue,38.00,,deny,manual,TRUE,TRUE,,,,https://raw.githubusercontent.com/SheltonChen2017/BabyAttire/main/setup/images/chunky-knit-cardigan-dusty-blue.jpg,,
chunky-knit-cardigan,,,,,,,,12-18M,,Dusty Blue,38.00,,deny,manual,TRUE,TRUE,,,,https://raw.githubusercontent.com/SheltonChen2017/BabyAttire/main/setup/images/chunky-knit-cardigan-dusty-blue.jpg,,
chunky-knit-cardigan,,,,,,,,18-24M,,Dusty Blue,38.00,,deny,manual,TRUE,TRUE,,,,https://raw.githubusercontent.com/SheltonChen2017/BabyAttire/main/setup/images/chunky-knit-cardigan-dusty-blue.jpg,,
pull-on-jogger-pants,Pull-On Jogger Pants,<p>Soft joggers with cuffed ankles that stay put while crawling.</p>,BabyAttire,Outfit set,,TRUE,Size,0-3M,Color,Oat,22.00,,deny,manual,TRUE,TRUE,https://raw.githubusercontent.com/SheltonChen2017/BabyAttire/main/setup/images/pull-on-jogger-pants-oat.jpg,1,Pull-On Jogger Pants,https://raw.githubusercontent.com/SheltonChen2017/BabyAttire/main/setup/images/pull-on-jogger-pants-oat.jpg,"100% organic cotton French terry.
Machine wash cold. Tumble dry low.",active
pull-on-jogger-pants,,,,,,,,3-6M,,Oat,22.00,,deny,manual,TRUE,TRUE,https://raw.githubusercontent.com/SheltonChen2017/BabyAttire/main/setup/images/pull-on-jogger-pants-sage.jpg,2,Pull-On Jogger Pants,https://raw.githubusercontent.com/SheltonChen2017/BabyAttire/main/setup/images/pull-on-jogger-pants-oat.jpg,,
pull-on-jogger-pants,,,,,,,,6-12M,,Oat,22.00,,deny,manual,TRUE,TRUE,https://raw.githubusercontent.com/SheltonChen2017/BabyAttire/main/setup/images/pull-on-jogger-pants-dusty-blue.jpg,3,Pull-On Jogger Pants,https://raw.githubusercontent.com/SheltonChen2017/BabyAttire/main/setup/images/pull-on-jogger-pants-oat.jpg,,
pull-on-jogger-pants,,,,,,,,12-18M,,Oat,22.00,,deny,manual,TRUE,TRUE,,,,https://raw.githubusercontent.com/SheltonChen2017/BabyAttire/main/setup/images/pull-on-jogger-pants-oat.jpg,,
pull-on-jogger-pants,,,,,,,,18-24M,,Oat,22.00,,deny,manual,TRUE,TRUE,,,,https://raw.githubusercontent.com/SheltonChen2017/BabyAttire/main/setup/images/pull-on-jogger-pants-oat.jpg,,
pull-on-jogger-pants,,,,,,,,0-3M,,Sage,22.00,,deny,manual,TRUE,TRUE,,,,https://raw.githubusercontent.com/SheltonChen2017/BabyAttire/main/setup/images/pull-on-jogger-pants-sage.jpg,,
pull-on-jogger-pants,,,,,,,,3-6M,,Sage,22.00,,deny,manual,TRUE,TRUE,,,,https://raw.githubusercontent.com/SheltonChen2017/BabyAttire/main/setup/images/pull-on-jogger-pants-sage.jpg,,
pull-on-jogger-pants,,,,,,,,6-12M,,Sage,22.00,,deny,manual,TRUE,TRUE,,,,https://raw.githubusercontent.com/SheltonChen2017/BabyAttire/main/setup/images/pull-on-jogger-pants-sage.jpg,,
pull-on-jogger-pants,,,,,,,,12-18M,,Sage,22.00,,deny,manual,TRUE,TRUE,,,,https://raw.githubusercontent.com/SheltonChen2017/BabyAttire/main/setup/images/pull-on-jogger-pants-sage.jpg,,
pull-on-jogger-pants,,,,,,,,18-24M,,Sage,22.00,,deny,manual,TRUE,TRUE,,,,https://raw.githubusercontent.com/SheltonChen2017/BabyAttire/main/setup/images/pull-on-jogger-pants-sage.jpg,,
pull-on-jogger-pants,,,,,,,,0-3M,,Dusty Blue,22.00,,deny,manual,TRUE,TRUE,,,,https://raw.githubusercontent.com/SheltonChen2017/BabyAttire/main/setup/images/pull-on-jogger-pants-dusty-blue.jpg,,
pull-on-jogger-pants,,,,,,,,3-6M,,Dusty Blue,22.00,,deny,manual,TRUE,TRUE,,,,https://raw.githubusercontent.com/SheltonChen2017/BabyAttire/main/setup/images/pull-on-jogger-pants-dusty-blue.jpg,,
pull-on-jogger-pants,,,,,,,,6-12M,,Dusty Blue,22.00,,deny,manual,TRUE,TRUE,,,,https://raw.githubusercontent.com/SheltonChen2017/BabyAttire/main/setup/images/pull-on-jogger-pants-dusty-blue.jpg,,
pull-on-jogger-pants,,,,,,,,12-18M,,Dusty Blue,22.00,,deny,manual,TRUE,TRUE,,,,https://raw.githubusercontent.com/SheltonChen2017/BabyAttire/main/setup/images/pull-on-jogger-pants-dusty-blue.jpg,,
pull-on-jogger-pants,,,,,,,,18-24M,,Dusty Blue,22.00,,deny,manual,TRUE,TRUE,,,,https://raw.githubusercontent.com/SheltonChen2017/BabyAttire/main/setup/images/pull-on-jogger-pants-dusty-blue.jpg,,
knotted-baby-hat,Knotted Baby Hat,<p>A soft knotted beanie for the first months. Pairs with the Knotted Baby Gown.</p>,BabyAttire,Accessory,,TRUE,Size,Newborn,Color,Oat,12.00,,deny,manual,TRUE,TRUE,https://raw.githubusercontent.com/SheltonChen2017/BabyAttire/main/setup/images/knotted-baby-hat-oat.jpg,1,Knotted Baby Hat,https://raw.githubusercontent.com/SheltonChen2017/BabyAttire/main/setup/images/knotted-baby-hat-oat.jpg,"100% organic cotton jersey.
Machine wash cold. Tumble dry low.",active
knotted-baby-hat,,,,,,,,0-3M,,Oat,12.00,,deny,manual,TRUE,TRUE,https://raw.githubusercontent.com/SheltonChen2017/BabyAttire/main/setup/images/knotted-baby-hat-blush.jpg,2,Knotted Baby Hat,https://raw.githubusercontent.com/SheltonChen2017/BabyAttire/main/setup/images/knotted-baby-hat-oat.jpg,,
knotted-baby-hat,,,,,,,,Newborn,,Blush,12.00,,deny,manual,TRUE,TRUE,https://raw.githubusercontent.com/SheltonChen2017/BabyAttire/main/setup/images/knotted-baby-hat-sage.jpg,3,Knotted Baby Hat,https://raw.githubusercontent.com/SheltonChen2017/BabyAttire/main/setup/images/knotted-baby-hat-blush.jpg,,
knotted-baby-hat,,,,,,,,0-3M,,Blush,12.00,,deny,manual,TRUE,TRUE,,,,https://raw.githubusercontent.com/SheltonChen2017/BabyAttire/main/setup/images/knotted-baby-hat-blush.jpg,,
knotted-baby-hat,,,,,,,,Newborn,,Sage,12.00,,deny,manual,TRUE,TRUE,,,,https://raw.githubusercontent.com/SheltonChen2017/BabyAttire/main/setup/images/knotted-baby-hat-sage.jpg,,
knotted-baby-hat,,,,,,,,0-3M,,Sage,12.00,,deny,manual,TRUE,TRUE,,,,https://raw.githubusercontent.com/SheltonChen2017/BabyAttire/main/setup/images/knotted-baby-hat-sage.jpg,,
scratch-mittens-2-pack,Scratch Mittens 2-Pack,<p>Two pairs of gentle mittens that keep newborns from scratching their faces.</p>,BabyAttire,Accessory,,TRUE,Size,Newborn,,,10.00,,deny,manual,TRUE,TRUE,https://raw.githubusercontent.com/SheltonChen2017/BabyAttire/main/setup/images/scratch-mittens-2-pack-cloud.jpg,1,Scratch Mittens 2-Pack,,"100% organic cotton.
Machine wash cold in a laundry bag. Tumble dry low.",active
scratch-mittens-2-pack,,,,,,,,0-3M,,,10.00,,deny,manual,TRUE,TRUE,,,,,,
muslin-bandana-bibs-3-pack,Muslin Bandana Bibs 3-Pack,<p>Absorbent muslin bibs for drool and teething. Two snap positions grow with your baby.</p>,BabyAttire,Accessory,new,TRUE,Size,One size,Color,Blush,18.00,,deny,manual,TRUE,TRUE,https://raw.githubusercontent.com/SheltonChen2017/BabyAttire/main/setup/images/muslin-bandana-bibs-3-pack-blush.jpg,1,Muslin Bandana Bibs 3-Pack,https://raw.githubusercontent.com/SheltonChen2017/BabyAttire/main/setup/images/muslin-bandana-bibs-3-pack-blush.jpg,"100% cotton muslin, 4 layers.
Machine wash warm. Tumble dry low.",active
muslin-bandana-bibs-3-pack,,,,,,,,One size,,Sage,18.00,,deny,manual,TRUE,TRUE,https://raw.githubusercontent.com/SheltonChen2017/BabyAttire/main/setup/images/muslin-bandana-bibs-3-pack-sage.jpg,2,Muslin Bandana Bibs 3-Pack,https://raw.githubusercontent.com/SheltonChen2017/BabyAttire/main/setup/images/muslin-bandana-bibs-3-pack-sage.jpg,,
grip-socks-3-pack,Grip Socks 3-Pack,<p>Non-slip grips for first steps and cruising around the furniture.</p>,BabyAttire,Accessory,,TRUE,Size,6-12M,,,14.00,,deny,manual,TRUE,TRUE,https://raw.githubusercontent.com/SheltonChen2017/BabyAttire/main/setup/images/grip-socks-3-pack-cloud.jpg,1,Grip Socks 3-Pack,,"80% cotton, 17% polyester, 3% spandex.
Machine wash cold. Tumble dry low.",active
grip-socks-3-pack,,,,,,,,12-18M,,,14.00,,deny,manual,TRUE,TRUE,,,,,,
grip-socks-3-pack,,,,,,,,18-24M,,,14.00,,deny,manual,TRUE,TRUE,,,,,,
welcome-home-gift-set,Welcome Home Newborn Gift Set,"<p>A knotted gown, matching hat, scratch mittens and a muslin swaddle, packed in a keepsake box with a gift card.</p>",BabyAttire,Gift set,badge:Gift ready,TRUE,Size,Newborn,Color,Oat,68.00,,deny,manual,TRUE,TRUE,https://raw.githubusercontent.com/SheltonChen2017/BabyAttire/main/setup/images/welcome-home-gift-set-oat.jpg,1,Welcome Home Newborn Gift Set,https://raw.githubusercontent.com/SheltonChen2017/BabyAttire/main/setup/images/welcome-home-gift-set-oat.jpg,"Organic cotton jersey and cotton muslin.
See each item's label for care.",active
welcome-home-gift-set,,,,,,,,0-3M,,Oat,68.00,,deny,manual,TRUE,TRUE,https://raw.githubusercontent.com/SheltonChen2017/BabyAttire/main/setup/images/welcome-home-gift-set-blush.jpg,2,Welcome Home Newborn Gift Set,https://raw.githubusercontent.com/SheltonChen2017/BabyAttire/main/setup/images/welcome-home-gift-set-oat.jpg,,
welcome-home-gift-set,,,,,,,,Newborn,,Blush,68.00,,deny,manual,TRUE,TRUE,https://raw.githubusercontent.com/SheltonChen2017/BabyAttire/main/setup/images/welcome-home-gift-set-sage.jpg,3,Welcome Home Newborn Gift Set,https://raw.githubusercontent.com/SheltonChen2017/BabyAttire/main/setup/images/welcome-home-gift-set-blush.jpg,,
welcome-home-gift-set,,,,,,,,0-3M,,Blush,68.00,,deny,manual,TRUE,TRUE,,,,https://raw.githubusercontent.com/SheltonChen2017/BabyAttire/main/setup/images/welcome-home-gift-set-blush.jpg,,
welcome-home-gift-set,,,,,,,,Newborn,,Sage,68.00,,deny,manual,TRUE,TRUE,,,,https://raw.githubusercontent.com/SheltonChen2017/BabyAttire/main/setup/images/welcome-home-gift-set-sage.jpg,,
welcome-home-gift-set,,,,,,,,0-3M,,Sage,68.00,,deny,manual,TRUE,TRUE,,,,https://raw.githubusercontent.com/SheltonChen2017/BabyAttire/main/setup/images/welcome-home-gift-set-sage.jpg,,
cozy-nights-gift-set,Cozy Nights Gift Set,"<p>A zip-up footed sleeper, a muslin sleep sack and a knotted hat for dreamy bedtimes, in a keepsake box.</p>",BabyAttire,Gift set,badge:Gift ready,TRUE,Size,0-3M,Color,Dusty Blue,75.00,,deny,manual,TRUE,TRUE,https://raw.githubusercontent.com/SheltonChen2017/BabyAttire/main/setup/images/cozy-nights-gift-set-dusty-blue.jpg,1,Cozy Nights Gift Set,https://raw.githubusercontent.com/SheltonChen2017/BabyAttire/main/setup/images/cozy-nights-gift-set-dusty-blue.jpg,"Organic cotton and cotton muslin.
See each item's label for care.",active
cozy-nights-gift-set,,,,,,,,3-6M,,Dusty Blue,75.00,,deny,manual,TRUE,TRUE,https://raw.githubusercontent.com/SheltonChen2017/BabyAttire/main/setup/images/cozy-nights-gift-set-sage.jpg,2,Cozy Nights Gift Set,https://raw.githubusercontent.com/SheltonChen2017/BabyAttire/main/setup/images/cozy-nights-gift-set-dusty-blue.jpg,,
cozy-nights-gift-set,,,,,,,,6-12M,,Dusty Blue,75.00,,deny,manual,TRUE,TRUE,,,,https://raw.githubusercontent.com/SheltonChen2017/BabyAttire/main/setup/images/cozy-nights-gift-set-dusty-blue.jpg,,
cozy-nights-gift-set,,,,,,,,0-3M,,Sage,75.00,,deny,manual,TRUE,TRUE,,,,https://raw.githubusercontent.com/SheltonChen2017/BabyAttire/main/setup/images/cozy-nights-gift-set-sage.jpg,,
cozy-nights-gift-set,,,,,,,,3-6M,,Sage,75.00,,deny,manual,TRUE,TRUE,,,,https://raw.githubusercontent.com/SheltonChen2017/BabyAttire/main/setup/images/cozy-nights-gift-set-sage.jpg,,
cozy-nights-gift-set,,,,,,,,6-12M,,Sage,75.00,,deny,manual,TRUE,TRUE,,,,https://raw.githubusercontent.com/SheltonChen2017/BabyAttire/main/setup/images/cozy-nights-gift-set-sage.jpg,,
first-birthday-gift-set,First Birthday Gift Set,"<p>A linen-blend romper, grip socks and a bandana bib for the big day, in a keepsake box.</p>",BabyAttire,Gift set,"new, badge:Gift ready",TRUE,Size,12-18M,Color,Butter,72.00,,deny,manual,TRUE,TRUE,https://raw.githubusercontent.com/SheltonChen2017/BabyAttire/main/setup/images/first-birthday-gift-set-butter.jpg,1,First Birthday Gift Set,https://raw.githubusercontent.com/SheltonChen2017/BabyAttire/main/setup/images/first-birthday-gift-set-butter.jpg,"Linen-cotton blend, cotton and muslin.
See each item's label for care.",active
first-birthday-gift-set,,,,,,,,18-24M,,Butter,72.00,,deny,manual,TRUE,TRUE,https://raw.githubusercontent.com/SheltonChen2017/BabyAttire/main/setup/images/first-birthday-gift-set-oat.jpg,2,First Birthday Gift Set,https://raw.githubusercontent.com/SheltonChen2017/BabyAttire/main/setup/images/first-birthday-gift-set-butter.jpg,,
first-birthday-gift-set,,,,,,,,12-18M,,Oat,72.00,,deny,manual,TRUE,TRUE,,,,https://raw.githubusercontent.com/SheltonChen2017/BabyAttire/main/setup/images/first-birthday-gift-set-oat.jpg,,
first-birthday-gift-set,,,,,,,,18-24M,,Oat,72.00,,deny,manual,TRUE,TRUE,,,,https://raw.githubusercontent.com/SheltonChen2017/BabyAttire/main/setup/images/first-birthday-gift-set-oat.jpg,,
